AnsCorrect,Correct,Misconception,Neither
False,0.013989892764698631,0.582830025884383,0.40318008135091826
True,0.7231069858329262,0.019687347337567173,0.2572056668295066
