ExplAssess,count,mean,std,min,25%,50%,75%,max
Correct,15029.0,17.635172000798455,9.01975860287942,1.0,11.0,16.0,22.0,112.0
Misconception,9860.0,14.865720081135903,6.9659322949877405,1.0,10.0,13.0,18.0,84.0
Neither,11807.0,12.869992377403236,6.922500235612447,1.0,8.0,11.0,16.0,177.0
